{"theta0": 3.0038651768899363, "theta1": 0.49957763314746895, "min_km": 4.0, "max_km": 14.0, "min_price": 5.39, "max_price": 12.74}