{"theta0": 21999.08985067648, "theta1": -0.19997574073900312, "min_km": 10000.0, "max_km": 60000.0, "min_price": 10000.0, "max_price": 20000.0}