{"theta0": 76.99714456962481, "theta1": 3.7827153078114016e-05, "min_km": 55.0, "max_km": 93.0, "min_price": 72.0, "max_price": 82.0}