{"theta0": 88.98914936457427, "theta1": 0.00014374318169679755, "min_km": 55.0, "max_km": 93.0, "min_price": 70.0, "max_price": 108.0}