{"theta0": 80.38402298723649, "theta1": 9.343451589843735e-06, "min_km": 52.5641, "max_km": 74.6154, "min_price": 69.2308, "max_price": 91.5385}