{"theta0": 20.037398292141575, "theta1": 0.999504568231118, "min_km": 55.0, "max_km": 93.0, "min_price": 70.0, "max_price": 118.0}