{"theta0": 8481.172796984529, "theta1": -0.021273719070404658, "min_km": 22899.0, "max_km": 240000.0, "min_price": 3650.0, "max_price": 8290.0}