{"theta0": 43.70780709868666, "theta1": 0.5166061143124436, "min_km": 30.0, "max_km": 92.5641, "min_price": 38.2051, "max_price": 100.7692}