{"theta0": 19996.48704263101, "theta1": 4.682868923816366e-06, "min_km": 5000.0, "max_km": 75000.0, "min_price": 19900.0, "max_price": 20100.0}