{"theta0": 20302.536771636358, "theta1": 0.24086603469821297, "min_km": 10000.0, "max_km": 100000.0, "min_price": 11500.0, "max_price": 200000.0}