{"theta0": 21629.989157769218, "theta1": -0.09238502088033489, "min_km": 10000.0, "max_km": 130000.0, "min_price": 10000.0, "max_price": 20000.0}