{"theta0": 85.31136725994656, "theta1": 0.01582852742485804, "min_km": 58.0, "max_km": 78.0, "min_price": 74.0, "max_price": 98.0}