{"theta0": 32.0545802164656, "theta1": 0.9991871798497463, "min_km": 54.0, "max_km": 78.5, "min_price": 86.0, "max_price": 110.5}