{"theta0": 119.96759478812831, "theta1": -0.49957071378078427, "min_km": 55.0, "max_km": 93.0, "min_price": 71.0, "max_price": 95.0}