{"theta0": 3.0013365647872057, "theta1": 0.4999587701137833, "min_km": 4.0, "max_km": 14.0, "min_price": 4.26, "max_price": 10.84}