{"theta0": 23322.633617483243, "theta1": -0.13516774803166673, "min_km": 10000.0, "max_km": 160000.0, "min_price": 1500.0, "max_price": 20000.0}