{"theta0": 3.00289523421387, "theta1": 0.4997805911946894, "min_km": 8.0, "max_km": 19.0, "min_price": 5.25, "max_price": 12.5}