{"theta0": 20331.88915213998, "theta1": -0.06421791239077952, "min_km": 10000.0, "max_km": 100000.0, "min_price": 14000.0, "max_price": 20000.0}