{"theta0": 50.018699146070794, "theta1": 0.499752284115559, "min_km": 55.0, "max_km": 93.0, "min_price": 75.0, "max_price": 99.0}