{"theta0": 14001.464522413598, "theta1": 0.09997514290014455, "min_km": 10000.0, "max_km": 100000.0, "min_price": 15000.0, "max_price": 24000.0}