{"theta0": 3.00198392971566, "theta1": 0.4998859812539715, "min_km": 4.0, "max_km": 14.0, "min_price": 3.1, "max_price": 9.26}