{"theta0": 97.4985722848124, "theta1": 1.8913576539055893e-05, "min_km": 55.0, "max_km": 93.0, "min_price": 95.0, "max_price": 100.0}