{"theta0": 20999.999970618366, "theta1": -0.09999999950571523, "min_km": 10000.0, "max_km": 90000.0, "min_price": 12000.0, "max_price": 20000.0}