{"theta0": 30743.589651323706, "theta1": -0.14871794798285856, "min_km": 5000.0, "max_km": 200000.0, "min_price": 1000.0, "max_price": 30000.0}