{"theta0": 80.76790436450834, "theta1": 0.012175738396349207, "min_km": 51.2821, "max_km": 73.8462, "min_price": 72.5641, "max_price": 92.3077}