{"theta0": 4686.99890812081, "theta1": -0.004169331939720212, "min_km": 139800.0, "max_km": 240000.0, "min_price": 3650.0, "max_price": 4400.0}