{"theta0": 83.99950038210632, "theta1": 7.3030184985629374e-06, "min_km": 60.0, "max_km": 75.0, "min_price": 70.0, "max_price": 98.0}